edge_threshold,kelly_fraction,min_floor,max_trade_size,calibration,trades,win_rate_pct,total_pnl,avg_size
0.05,0.05,10.0,5.0,ON,322,51.55,121.04,10.00
0.05,0.05,10.0,5.0,OFF,322,51.55,121.04,10.00
0.05,0.05,10.0,10.0,ON,322,51.55,121.04,10.00
0.05,0.05,10.0,10.0,OFF,322,51.55,121.04,10.00
0.05,0.05,10.0,20.0,ON,322,51.55,121.04,10.00
0.05,0.05,10.0,20.0,OFF,322,51.55,121.04,10.00
0.05,0.1,10.0,5.0,ON,322,51.55,121.04,10.00
0.05,0.1,10.0,5.0,OFF,322,51.55,121.04,10.00
0.05,0.1,10.0,10.0,ON,322,51.55,121.04,10.00
0.05,0.1,10.0,10.0,OFF,322,51.55,121.04,10.00
0.05,0.1,10.0,20.0,ON,322,51.55,121.04,10.00
0.05,0.1,10.0,20.0,OFF,322,51.55,121.04,10.00
0.05,0.15,10.0,5.0,ON,322,51.55,121.04,10.00
0.05,0.15,10.0,5.0,OFF,322,51.55,121.04,10.00
0.05,0.15,10.0,10.0,ON,322,51.55,121.04,10.00
0.05,0.15,10.0,10.0,OFF,322,51.55,121.04,10.00
0.05,0.15,10.0,20.0,ON,322,51.55,121.04,10.00
0.05,0.15,10.0,20.0,OFF,322,51.55,121.04,10.00
0.05,0.25,10.0,5.0,ON,322,51.55,121.04,10.00
0.05,0.25,10.0,5.0,OFF,322,51.55,121.04,10.00
0.05,0.25,10.0,10.0,ON,322,51.55,121.04,10.00
0.05,0.25,10.0,10.0,OFF,322,51.55,121.04,10.00
0.05,0.25,10.0,20.0,ON,322,51.55,121.04,10.00
0.05,0.25,10.0,20.0,OFF,322,51.55,121.04,10.00
0.05,0.25,None,10.0,OFF,320,51.88,82.84,5.75
0.05,0.25,None,20.0,OFF,320,51.88,82.84,5.75
0.05,0.25,1.0,10.0,OFF,322,51.55,80.84,5.72
0.05,0.25,1.0,20.0,OFF,322,51.55,80.84,5.72
0.05,0.25,None,5.0,OFF,320,51.88,72.02,4.95
0.07,0.05,10.0,5.0,ON,157,51.59,70.27,10.00
0.07,0.05,10.0,5.0,OFF,157,51.59,70.27,10.00
0.07,0.05,10.0,10.0,ON,157,51.59,70.27,10.00
0.07,0.05,10.0,10.0,OFF,157,51.59,70.27,10.00
0.07,0.05,10.0,20.0,ON,157,51.59,70.27,10.00
0.07,0.05,10.0,20.0,OFF,157,51.59,70.27,10.00
0.07,0.1,10.0,5.0,ON,157,51.59,70.27,10.00
0.07,0.1,10.0,5.0,OFF,157,51.59,70.27,10.00
0.07,0.1,10.0,10.0,ON,157,51.59,70.27,10.00
0.07,0.1,10.0,10.0,OFF,157,51.59,70.27,10.00
0.07,0.1,10.0,20.0,ON,157,51.59,70.27,10.00
0.07,0.1,10.0,20.0,OFF,157,51.59,70.27,10.00
0.07,0.15,10.0,5.0,ON,157,51.59,70.27,10.00
0.07,0.15,10.0,5.0,OFF,157,51.59,70.27,10.00
0.07,0.15,10.0,10.0,ON,157,51.59,70.27,10.00
0.07,0.15,10.0,10.0,OFF,157,51.59,70.27,10.00
0.07,0.15,10.0,20.0,ON,157,51.59,70.27,10.00
0.07,0.15,10.0,20.0,OFF,157,51.59,70.27,10.00
0.07,0.25,10.0,5.0,ON,157,51.59,70.27,10.00
0.07,0.25,10.0,5.0,OFF,157,51.59,70.27,10.00
0.07,0.25,10.0,10.0,ON,157,51.59,70.27,10.00
0.07,0.25,10.0,10.0,OFF,157,51.59,70.27,10.00
0.07,0.25,10.0,20.0,ON,157,51.59,70.27,10.00
0.07,0.25,10.0,20.0,OFF,157,51.59,70.27,10.00
0.05,0.25,1.0,5.0,OFF,322,51.55,70.02,4.93
0.05,0.15,None,10.0,OFF,320,51.88,69.58,4.10
0.05,0.15,None,20.0,OFF,320,51.88,69.58,4.10
0.05,0.15,1.0,10.0,OFF,322,51.55,67.58,4.09
0.05,0.15,1.0,20.0,OFF,322,51.55,67.58,4.09
0.05,0.15,None,5.0,OFF,320,51.88,64.16,4.03
0.05,0.15,1.0,5.0,OFF,322,51.55,62.16,4.01
0.05,0.25,None,10.0,ON,320,51.88,52.19,2.28
0.05,0.25,None,20.0,ON,320,51.88,52.19,2.28
0.05,0.25,1.0,10.0,ON,322,51.55,50.49,2.39
0.05,0.25,1.0,20.0,ON,322,51.55,50.49,2.39
0.07,0.25,None,10.0,OFF,155,52.26,50.21,5.98
0.07,0.25,None,20.0,OFF,155,52.26,50.21,5.98
0.05,0.1,None,10.0,OFF,320,51.88,49.40,2.74
0.05,0.1,None,20.0,OFF,320,51.88,49.40,2.74
0.05,0.1,None,5.0,OFF,320,51.88,48.97,2.74
0.07,0.25,1.0,10.0,OFF,157,51.59,48.21,5.91
0.07,0.25,1.0,20.0,OFF,157,51.59,48.21,5.91
0.05,0.1,1.0,10.0,OFF,322,51.55,47.40,2.73
0.05,0.1,1.0,20.0,OFF,322,51.55,47.40,2.73
0.05,0.1,1.0,5.0,OFF,322,51.55,46.97,2.73
0.07,0.15,None,10.0,OFF,155,52.26,46.13,4.75
0.07,0.15,None,20.0,OFF,155,52.26,46.13,4.75
0.05,0.25,1.0,5.0,ON,322,51.55,45.02,2.07
0.07,0.25,None,5.0,OFF,155,52.26,44.46,5.00
0.07,0.15,1.0,10.0,OFF,157,51.59,44.13,4.70
0.07,0.15,1.0,20.0,OFF,157,51.59,44.13,4.70
0.05,0.25,None,5.0,ON,320,51.88,42.83,1.85
0.07,0.25,1.0,5.0,OFF,157,51.59,42.46,4.95
0.07,0.15,None,5.0,OFF,155,52.26,40.71,4.59
0.1,0.05,10.0,5.0,ON,11,63.64,40.44,10.00
0.1,0.05,10.0,5.0,OFF,11,63.64,40.44,10.00
0.1,0.05,10.0,10.0,ON,11,63.64,40.44,10.00
0.1,0.05,10.0,10.0,OFF,11,63.64,40.44,10.00
0.1,0.05,10.0,20.0,ON,11,63.64,40.44,10.00
0.1,0.05,10.0,20.0,OFF,11,63.64,40.44,10.00
0.1,0.1,10.0,5.0,ON,11,63.64,40.44,10.00
0.1,0.1,10.0,5.0,OFF,11,63.64,40.44,10.00
0.1,0.1,10.0,10.0,ON,11,63.64,40.44,10.00
0.1,0.1,10.0,10.0,OFF,11,63.64,40.44,10.00
0.1,0.1,10.0,20.0,ON,11,63.64,40.44,10.00
0.1,0.1,10.0,20.0,OFF,11,63.64,40.44,10.00
0.1,0.15,10.0,5.0,ON,11,63.64,40.44,10.00
0.1,0.15,10.0,5.0,OFF,11,63.64,40.44,10.00
0.1,0.15,10.0,10.0,ON,11,63.64,40.44,10.00
0.1,0.15,10.0,10.0,OFF,11,63.64,40.44,10.00
0.1,0.15,10.0,20.0,ON,11,63.64,40.44,10.00
0.1,0.15,10.0,20.0,OFF,11,63.64,40.44,10.00
0.1,0.25,10.0,5.0,ON,11,63.64,40.44,10.00
0.1,0.25,10.0,5.0,OFF,11,63.64,40.44,10.00
0.1,0.25,10.0,10.0,ON,11,63.64,40.44,10.00
0.1,0.25,10.0,10.0,OFF,11,63.64,40.44,10.00
0.1,0.25,10.0,20.0,ON,11,63.64,40.44,10.00
0.1,0.25,10.0,20.0,OFF,11,63.64,40.44,10.00
0.07,0.15,1.0,5.0,OFF,157,51.59,38.71,4.55
0.02,0.25,None,10.0,ON,529,48.96,36.96,1.83
0.02,0.25,None,20.0,ON,529,48.96,36.96,1.83
0.07,0.25,None,10.0,ON,155,52.26,35.38,2.44
0.07,0.25,None,20.0,ON,155,52.26,35.38,2.44
0.1,0.25,None,10.0,OFF,9,77.78,35.05,5.88
0.1,0.25,None,20.0,OFF,9,77.78,35.05,5.88
0.07,0.1,None,10.0,OFF,155,52.26,33.77,3.18
0.07,0.1,None,20.0,OFF,155,52.26,33.77,3.18
0.07,0.1,None,5.0,OFF,155,52.26,33.34,3.18
0.1,0.25,1.0,10.0,OFF,11,63.64,33.05,5.00
0.1,0.25,1.0,20.0,OFF,11,63.64,33.05,5.00
0.1,0.15,None,10.0,OFF,9,77.78,32.67,5.42
0.1,0.15,None,20.0,OFF,9,77.78,32.67,5.42
0.07,0.25,1.0,10.0,ON,157,51.59,32.45,2.50
0.07,0.25,1.0,20.0,ON,157,51.59,32.45,2.50
0.07,0.1,1.0,10.0,OFF,157,51.59,31.77,3.15
0.07,0.1,1.0,20.0,OFF,157,51.59,31.77,3.15
0.07,0.1,1.0,5.0,OFF,157,51.59,31.34,3.15
0.05,0.15,1.0,10.0,ON,322,51.55,30.82,1.73
0.05,0.15,1.0,20.0,ON,322,51.55,30.82,1.73
0.1,0.15,1.0,10.0,OFF,11,63.64,30.67,4.61
0.1,0.15,1.0,20.0,OFF,11,63.64,30.67,4.61
0.1,0.25,None,5.0,OFF,9,77.78,30.16,4.99
0.05,0.15,1.0,5.0,ON,322,51.55,30.11,1.71
0.05,0.15,None,10.0,ON,320,51.88,30.02,1.46
0.05,0.15,None,20.0,ON,320,51.88,30.02,1.46
0.05,0.15,None,5.0,ON,320,51.88,28.64,1.44
0.1,0.25,1.0,5.0,OFF,11,63.64,28.16,4.27
0.07,0.25,None,5.0,ON,155,52.26,28.12,1.81
0.07,0.25,1.0,5.0,ON,157,51.59,28.01,2.05
0.02,0.25,None,5.0,ON,529,48.96,27.92,1.57
0.1,0.15,None,5.0,OFF,9,77.78,27.88,4.77
0.1,0.15,1.0,5.0,OFF,11,63.64,25.88,4.09
0.1,0.1,None,10.0,OFF,9,77.78,24.76,3.85
0.1,0.1,None,20.0,OFF,9,77.78,24.76,3.85
0.05,0.1,1.0,10.0,ON,322,51.55,24.72,1.36
0.05,0.1,1.0,20.0,ON,322,51.55,24.72,1.36
0.05,0.05,None,5.0,OFF,320,51.88,24.70,1.37
0.05,0.05,None,10.0,OFF,320,51.88,24.70,1.37
0.05,0.05,None,20.0,OFF,320,51.88,24.70,1.37
0.1,0.1,None,5.0,OFF,9,77.78,24.33,3.82
0.05,0.1,1.0,5.0,ON,322,51.55,24.29,1.36
0.02,0.25,1.0,10.0,ON,532,48.68,22.87,2.01
0.02,0.25,1.0,20.0,ON,532,48.68,22.87,2.01
0.1,0.1,1.0,10.0,OFF,11,63.64,22.76,3.33
0.1,0.1,1.0,20.0,OFF,11,63.64,22.76,3.33
0.05,0.05,1.0,5.0,OFF,322,51.55,22.40,1.38
0.05,0.05,1.0,10.0,OFF,322,51.55,22.40,1.38
0.05,0.05,1.0,20.0,OFF,322,51.55,22.40,1.38
0.1,0.1,1.0,5.0,OFF,11,63.64,22.33,3.31
0.05,0.1,None,10.0,ON,320,51.88,21.98,0.98
0.05,0.1,None,20.0,ON,320,51.88,21.98,0.98
0.05,0.1,None,5.0,ON,320,51.88,21.54,0.98
0.02,0.15,None,10.0,ON,529,48.96,20.88,1.15
0.02,0.15,None,20.0,ON,529,48.96,20.88,1.15
0.07,0.15,None,10.0,ON,155,52.26,20.30,1.65
0.07,0.15,None,20.0,ON,155,52.26,20.30,1.65
0.02,0.15,None,5.0,ON,529,48.96,19.50,1.14
0.07,0.15,1.0,10.0,ON,157,51.59,19.30,1.89
0.07,0.15,1.0,20.0,ON,157,51.59,19.30,1.89
0.07,0.15,None,5.0,ON,155,52.26,18.92,1.60
0.07,0.15,1.0,5.0,ON,157,51.59,18.59,1.86
0.02,0.15,None,10.0,OFF,529,48.96,17.60,3.25
0.02,0.15,None,20.0,OFF,529,48.96,17.60,3.25
0.02,0.25,1.0,5.0,ON,532,48.68,17.40,1.82
0.07,0.05,None,5.0,OFF,155,52.26,16.89,1.59
0.07,0.05,None,10.0,OFF,155,52.26,16.89,1.59
0.07,0.05,None,20.0,OFF,155,52.26,16.89,1.59
0.02,0.1,None,10.0,ON,529,48.96,15.88,0.77
0.02,0.1,None,20.0,ON,529,48.96,15.88,0.77
0.07,0.1,None,10.0,ON,155,52.26,15.49,1.11
0.07,0.1,None,20.0,ON,155,52.26,15.49,1.11
0.02,0.1,None,5.0,ON,529,48.96,15.45,0.77
0.07,0.1,1.0,10.0,ON,157,51.59,15.19,1.47
0.07,0.1,1.0,20.0,ON,157,51.59,15.19,1.47
0.07,0.1,None,5.0,ON,155,52.26,15.06,1.10
0.07,0.05,1.0,5.0,OFF,157,51.59,15.02,1.58
0.07,0.05,1.0,10.0,OFF,157,51.59,15.02,1.58
0.07,0.05,1.0,20.0,OFF,157,51.59,15.02,1.58
0.07,0.1,1.0,5.0,ON,157,51.59,14.76,1.47
0.02,0.1,None,10.0,OFF,529,48.96,14.75,2.17
0.02,0.1,None,20.0,OFF,529,48.96,14.75,2.17
0.02,0.15,1.0,10.0,OFF,532,48.68,14.53,3.24
0.02,0.15,1.0,20.0,OFF,532,48.68,14.53,3.24
0.02,0.1,None,5.0,OFF,529,48.96,14.32,2.17
0.05,0.05,1.0,5.0,ON,322,51.55,13.65,1.06
0.05,0.05,1.0,10.0,ON,322,51.55,13.65,1.06
0.05,0.05,1.0,20.0,ON,322,51.55,13.65,1.06
0.1,0.05,None,5.0,OFF,9,77.78,12.38,1.93
0.1,0.05,None,10.0,OFF,9,77.78,12.38,1.93
0.1,0.05,None,20.0,OFF,9,77.78,12.38,1.93
0.02,0.15,None,5.0,OFF,529,48.96,12.18,3.20
0.05,0.05,None,5.0,ON,320,51.88,10.99,0.49
0.05,0.05,None,10.0,ON,320,51.88,10.99,0.49
0.05,0.05,None,20.0,ON,320,51.88,10.99,0.49
0.1,0.25,None,10.0,ON,9,77.78,10.73,3.38
0.1,0.25,None,20.0,ON,9,77.78,10.73,3.38
0.02,0.1,1.0,10.0,OFF,532,48.68,10.50,2.19
0.02,0.1,1.0,20.0,OFF,532,48.68,10.50,2.19
0.1,0.05,1.0,5.0,OFF,11,63.64,10.39,1.76
0.1,0.05,1.0,10.0,OFF,11,63.64,10.39,1.76
0.1,0.05,1.0,20.0,OFF,11,63.64,10.39,1.76
0.02,0.1,1.0,5.0,OFF,532,48.68,10.07,2.19
0.02,0.15,1.0,5.0,OFF,532,48.68,9.11,3.20
0.1,0.25,1.0,10.0,ON,11,63.64,8.85,2.95
0.1,0.25,1.0,20.0,ON,11,63.64,8.85,2.95
0.07,0.05,1.0,5.0,ON,157,51.59,8.08,1.10
0.07,0.05,1.0,10.0,ON,157,51.59,8.08,1.10
0.07,0.05,1.0,20.0,ON,157,51.59,8.08,1.10
0.02,0.05,None,5.0,ON,529,48.96,7.94,0.39
0.02,0.05,None,10.0,ON,529,48.96,7.94,0.39
0.02,0.05,None,20.0,ON,529,48.96,7.94,0.39
0.07,0.05,None,5.0,ON,155,52.26,7.75,0.55
0.07,0.05,None,10.0,ON,155,52.26,7.75,0.55
0.07,0.05,None,20.0,ON,155,52.26,7.75,0.55
0.1,0.25,1.0,5.0,ON,11,63.64,7.66,2.53
0.1,0.25,None,5.0,ON,9,77.78,7.49,2.65
0.02,0.05,None,5.0,OFF,529,48.96,7.37,1.09
0.02,0.05,None,10.0,OFF,529,48.96,7.37,1.09
0.02,0.05,None,20.0,OFF,529,48.96,7.37,1.09
0.02,0.15,1.0,10.0,ON,532,48.68,7.08,1.49
0.02,0.15,1.0,20.0,ON,532,48.68,7.08,1.49
0.1,0.1,1.0,10.0,ON,11,63.64,6.87,2.00
0.1,0.1,1.0,20.0,ON,11,63.64,6.87,2.00
0.1,0.15,None,10.0,ON,9,77.78,6.53,2.72
0.1,0.15,None,20.0,ON,9,77.78,6.53,2.72
0.1,0.1,1.0,5.0,ON,11,63.64,6.44,1.97
0.02,0.15,1.0,5.0,ON,532,48.68,6.36,1.48
0.1,0.1,None,10.0,ON,9,77.78,6.32,1.96
0.1,0.1,None,20.0,ON,9,77.78,6.32,1.96
0.1,0.15,1.0,10.0,ON,11,63.64,6.18,2.55
0.1,0.15,1.0,20.0,ON,11,63.64,6.18,2.55
0.1,0.1,None,5.0,ON,9,77.78,5.89,1.93
0.1,0.15,1.0,5.0,ON,11,63.64,5.38,2.35
0.1,0.15,None,5.0,ON,9,77.78,5.21,2.43
0.1,0.05,1.0,5.0,ON,11,63.64,4.91,1.30
0.1,0.05,1.0,10.0,ON,11,63.64,4.91,1.30
0.1,0.05,1.0,20.0,ON,11,63.64,4.91,1.30
0.1,0.05,None,5.0,ON,9,77.78,3.16,0.98
0.1,0.05,None,10.0,ON,9,77.78,3.16,0.98
0.1,0.05,None,20.0,ON,9,77.78,3.16,0.98
0.02,0.1,1.0,10.0,ON,532,48.68,2.10,1.23
0.02,0.1,1.0,20.0,ON,532,48.68,2.10,1.23
0.02,0.1,1.0,5.0,ON,532,48.68,1.67,1.23
0.02,0.05,1.0,5.0,OFF,532,48.68,-2.13,1.23
0.02,0.05,1.0,10.0,OFF,532,48.68,-2.13,1.23
0.02,0.05,1.0,20.0,OFF,532,48.68,-2.13,1.23
0.02,0.25,None,10.0,OFF,529,48.96,-3.80,4.76
0.02,0.25,None,20.0,OFF,529,48.96,-3.80,4.76
0.02,0.25,1.0,10.0,OFF,532,48.68,-6.80,4.73
0.02,0.25,1.0,20.0,OFF,532,48.68,-6.80,4.73
0.02,0.05,1.0,5.0,ON,532,48.68,-10.23,1.04
0.02,0.05,1.0,10.0,ON,532,48.68,-10.23,1.04
0.02,0.05,1.0,20.0,ON,532,48.68,-10.23,1.04
0.02,0.25,None,5.0,OFF,529,48.96,-11.36,4.26
0.02,0.25,1.0,5.0,OFF,532,48.68,-14.36,4.24
0.02,0.05,10.0,5.0,ON,532,48.68,-117.75,10.00
0.02,0.05,10.0,5.0,OFF,532,48.68,-117.75,10.00
0.02,0.05,10.0,10.0,ON,532,48.68,-117.75,10.00
0.02,0.05,10.0,10.0,OFF,532,48.68,-117.75,10.00
0.02,0.05,10.0,20.0,ON,532,48.68,-117.75,10.00
0.02,0.05,10.0,20.0,OFF,532,48.68,-117.75,10.00
0.02,0.1,10.0,5.0,ON,532,48.68,-117.75,10.00
0.02,0.1,10.0,5.0,OFF,532,48.68,-117.75,10.00
0.02,0.1,10.0,10.0,ON,532,48.68,-117.75,10.00
0.02,0.1,10.0,10.0,OFF,532,48.68,-117.75,10.00
0.02,0.1,10.0,20.0,ON,532,48.68,-117.75,10.00
0.02,0.1,10.0,20.0,OFF,532,48.68,-117.75,10.00
0.02,0.15,10.0,5.0,ON,532,48.68,-117.75,10.00
0.02,0.15,10.0,5.0,OFF,532,48.68,-117.75,10.00
0.02,0.15,10.0,10.0,ON,532,48.68,-117.75,10.00
0.02,0.15,10.0,10.0,OFF,532,48.68,-117.75,10.00
0.02,0.15,10.0,20.0,ON,532,48.68,-117.75,10.00
0.02,0.15,10.0,20.0,OFF,532,48.68,-117.75,10.00
0.02,0.25,10.0,5.0,ON,532,48.68,-117.75,10.00
0.02,0.25,10.0,5.0,OFF,532,48.68,-117.75,10.00
0.02,0.25,10.0,10.0,ON,532,48.68,-117.75,10.00
0.02,0.25,10.0,10.0,OFF,532,48.68,-117.75,10.00
0.02,0.25,10.0,20.0,ON,532,48.68,-117.75,10.00
0.02,0.25,10.0,20.0,OFF,532,48.68,-117.75,10.00
